1|1|PTY009|03/21/2024 12:00:00 PM|6
2|1|qawsed|03/21/2021 12:00:00 PM|6
3|1|Novi Sad refund|06/06/2025 00:00:00 AM|0
4|5|Novi Sad refund|06/06/2025 00:00:00 AM|0
5|1|Novi Sad refund|06/06/2025 00:00:00 AM|0
6|5|Novi Sad refund|06/06/2025 00:00:00 AM|0
7|1|Novi Sad refund|06/06/2025 00:00:00 AM|0
8|5|Novi Sad refund|06/06/2025 00:00:00 AM|0
9|1|Novi Sad refund|06/06/2025 00:00:00 AM|0
10|5|Novi Sad refund|06/06/2025 00:00:00 AM|0
11|1|Novi Sad refund|06/06/2025 00:00:00 AM|0
12|5|Novi Sad refund|06/06/2025 00:00:00 AM|0
13|1|Novi Sad refund|06/06/2025 00:00:00 AM|0
14|5|Novi Sad refund|06/06/2025 00:00:00 AM|0
15|1|Novi Sad refund|06/06/2025 00:00:00 AM|0
16|5|Novi Sad refund|06/06/2025 00:00:00 AM|0
